{"cameraMode":{"drawMode":0,"name":"Shaded","section":"Shading Mode"},"sceneLighting":true,"audioPlay":false,"sceneViewState":{"showFog":true,"showMaterialUpdate":false,"showSkybox":true,"showFlares":true,"showImageEffects":true,"showParticleSystems":true,"showVisualEffectGraphs":true,"m_FxEnabled":true},"in2DMode":false,"pivot":{"x":29.586122512817384,"y":-11.862751960754395,"z":-37.61244201660156},"rotation":{"x":-0.28424808382987978,"y":0.023579446598887445,"z":-0.0069944169372320179,"w":-0.9584434628486633},"size":18.605533599853517,"orthographic":false}