{"cameraMode":{"drawMode":0,"name":"Shaded","section":"Shading Mode"},"sceneLighting":true,"audioPlay":false,"sceneViewState":{"m_AlwaysRefresh":false,"showFog":true,"showSkybox":true,"showFlares":true,"showImageEffects":true,"showParticleSystems":true,"showVisualEffectGraphs":true,"m_FxEnabled":true},"in2DMode":false,"pivot":{"x":452.651611328125,"y":690.6666259765625,"z":37.432220458984378},"rotation":{"x":-0.09935566782951355,"y":-0.039682984352111819,"z":0.003960279282182455,"w":-0.9942793250083923},"size":258.2170104980469,"orthographic":false}