{"cameraMode":{"drawMode":0,"name":"Shaded","section":"Shading Mode"},"sceneLighting":true,"audioPlay":false,"sceneViewState":{"m_AlwaysRefresh":false,"showFog":true,"showSkybox":true,"showFlares":true,"showImageEffects":true,"showParticleSystems":true,"showVisualEffectGraphs":true,"m_FxEnabled":true},"in2DMode":false,"pivot":{"x":61.1319694519043,"y":75.39987182617188,"z":-156.1929931640625},"rotation":{"x":0.33141204714775088,"y":0.004527699202299118,"z":-0.0015898323617875577,"w":0.9434947371482849},"size":174.66197204589845,"orthographic":false}