{"cameraMode":{"drawMode":0,"name":"Shaded","section":"Shading Mode"},"sceneLighting":true,"audioPlay":false,"sceneViewState":{"m_AlwaysRefresh":false,"showFog":true,"showSkybox":true,"showFlares":true,"showImageEffects":true,"showParticleSystems":true,"showVisualEffectGraphs":true,"m_FxEnabled":true},"in2DMode":false,"pivot":{"x":36.152313232421878,"y":-712.7883911132813,"z":898.41943359375},"rotation":{"x":0.3288629949092865,"y":0.0019828437361866237,"z":-0.000691064225975424,"w":0.9443809390068054},"size":605.5050659179688,"orthographic":false}