{"cameraMode":{"drawMode":0,"name":"Shaded","section":"Shading Mode"},"sceneLighting":true,"audioPlay":false,"sceneViewState":{"m_AlwaysRefresh":false,"showFog":true,"showSkybox":true,"showFlares":true,"showImageEffects":true,"showParticleSystems":true,"showVisualEffectGraphs":true,"m_FxEnabled":true},"in2DMode":false,"pivot":{"x":1722.129638671875,"y":194.0006561279297,"z":267.6915283203125},"rotation":{"x":-0.009596566669642926,"y":0.0021103499457240106,"z":-0.000024495457182638347,"w":-0.999980092048645},"size":269.3973693847656,"orthographic":false}