{"cameraMode":{"drawMode":0,"name":"Shaded","section":"Shading Mode"},"sceneLighting":true,"audioPlay":false,"sceneViewState":{"m_AlwaysRefresh":false,"showFog":true,"showSkybox":true,"showFlares":true,"showImageEffects":true,"showParticleSystems":true,"showVisualEffectGraphs":true,"m_FxEnabled":true},"in2DMode":false,"pivot":{"x":33.247474670410159,"y":-383.0399169921875,"z":807.0223388671875},"rotation":{"x":0.2207435518503189,"y":0.013751290738582611,"z":-0.0031136972829699518,"w":0.9752333760261536},"size":672.0048217773438,"orthographic":false}