{"cameraMode":{"drawMode":0,"name":"Shaded","section":"Shading Mode"},"sceneLighting":true,"audioPlay":false,"sceneViewState":{"showFog":true,"showMaterialUpdate":false,"showSkybox":true,"showFlares":true,"showImageEffects":true,"showParticleSystems":true,"showVisualEffectGraphs":true,"m_FxEnabled":true},"in2DMode":false,"pivot":{"x":-12.985457420349121,"y":-7.235095977783203,"z":-40.02997970581055},"rotation":{"x":0.34184375405311587,"y":0.014232815243303776,"z":-0.00482195196673274,"w":0.9396711587905884},"size":54.788700103759769,"orthographic":false}