{"cameraMode":{"drawMode":0,"name":"Shaded","section":"Shading Mode"},"sceneLighting":true,"audioPlay":false,"sceneViewState":{"m_AlwaysRefresh":false,"showFog":true,"showSkybox":true,"showFlares":true,"showImageEffects":true,"showParticleSystems":true,"showVisualEffectGraphs":true,"m_FxEnabled":true},"in2DMode":false,"pivot":{"x":167.04751586914063,"y":-189.95358276367188,"z":261.41900634765627},"rotation":{"x":0.24353128671646119,"y":-0.0008821680676192045,"z":0.00020812443108297884,"w":0.9699268937110901},"size":232.1697998046875,"orthographic":false}