{"cameraMode":{"drawMode":0,"name":"Shaded","section":"Shading Mode"},"sceneLighting":true,"audioPlay":false,"sceneViewState":{"showFog":true,"showMaterialUpdate":false,"showSkybox":true,"showFlares":true,"showImageEffects":true,"showParticleSystems":true,"showVisualEffectGraphs":true,"m_FxEnabled":true},"in2DMode":false,"pivot":{"x":-16.717727661132814,"y":-3.0308823585510256,"z":-36.388824462890628},"rotation":{"x":0.34184375405311587,"y":0.014232815243303776,"z":-0.00482195196673274,"w":0.9396711587905884},"size":53.47456359863281,"orthographic":false}