{"cameraMode":{"drawMode":0,"name":"Shaded","section":"Shading Mode"},"sceneLighting":true,"audioPlay":false,"sceneViewState":{"showFog":true,"showMaterialUpdate":false,"showSkybox":true,"showFlares":true,"showImageEffects":true,"showParticleSystems":true,"showVisualEffectGraphs":true,"m_FxEnabled":true},"in2DMode":false,"pivot":{"x":32.11616897583008,"y":-34.091880798339847,"z":2.3552446365356447},"rotation":{"x":0.2880723774433136,"y":0.0025921796914190056,"z":-0.0007936706533655524,"w":0.9576197862625122},"size":84.90064239501953,"orthographic":false}