{"cameraMode":{"drawMode":0,"name":"Shaded","section":"Shading Mode"},"sceneLighting":true,"audioPlay":false,"sceneViewState":{"m_AlwaysRefresh":false,"showFog":true,"showSkybox":true,"showFlares":true,"showImageEffects":true,"showParticleSystems":true,"showVisualEffectGraphs":true,"m_FxEnabled":true},"in2DMode":false,"pivot":{"x":185.85035705566407,"y":-407.10699462890627,"z":576.1361083984375},"rotation":{"x":0.2709045708179474,"y":0.03377026692032814,"z":-0.009524515829980374,"w":0.9620013236999512},"size":445.95904541015627,"orthographic":false}