{"cameraMode":{"drawMode":0,"name":"Shaded","section":"Shading Mode"},"sceneLighting":true,"audioPlay":false,"sceneViewState":{"m_AlwaysRefresh":false,"showFog":true,"showSkybox":true,"showFlares":true,"showImageEffects":true,"showParticleSystems":true,"showVisualEffectGraphs":true,"m_FxEnabled":true},"in2DMode":false,"pivot":{"x":289.55804443359377,"y":672.9277954101563,"z":825.1763305664063},"rotation":{"x":0.07672194391489029,"y":0.0062815239652991299,"z":-0.0004802597395610064,"w":0.9970464110374451},"size":613.4473876953125,"orthographic":false}